n,instancia,capacidad,beneficio,tiempo_mediana_s
10,0,500,3834,0.025508
10,1,500,3892,0.023778
10,2,500,3672,0.022602
10,3,500,3840,0.022482
10,4,500,3635,0.033311
20,0,1000,6887,0.024819
20,1,1000,9465,0.024448
20,2,1000,8443,0.024741
20,3,1000,5649,0.024622
20,4,1000,8995,0.022614
50,0,2500,21073,0.033561
50,1,2500,19604,0.027833
50,2,2500,23246,0.023857
50,3,2500,20749,0.024182
50,4,2500,23472,0.025280
90,0,4500,35733,0.028655
90,1,4500,35392,0.036522
90,2,4500,36039,0.035748
90,3,4500,36499,0.028107
90,4,4500,39023,0.025209
100,0,5000,41701,0.038591
100,1,5000,40093,0.028190
100,2,5000,43022,0.035735
100,3,5000,38759,0.045303
100,4,5000,42363,0.029100
500,0,25000,205198,0.051760
500,1,25000,200090,0.045823
500,2,25000,201635,0.056593
500,3,25000,203769,0.056323
500,4,25000,204743,0.097221
1000,0,50000,404757,0.064692
1000,1,50000,399172,0.107183
1000,2,50000,411104,0.047679
1000,3,50000,427780,0.120418
1000,4,50000,404367,0.074785
5000,0,250000,2043335,0.249737
5000,1,250000,2006906,0.212781
5000,2,250000,2043706,0.274859
5000,3,250000,2060693,0.328780
5000,4,250000,2048000,0.215573
10000,0,500000,4025064,0.784940
10000,1,500000,4050785,0.686702
10000,2,500000,4023070,0.465439
10000,3,500000,4056792,0.581343
10000,4,500000,4075490,0.414584
